file,species
0021e90e4.png,Common Chickweed
003d61042.png,Common Chickweed
007b3da8b.png,Common Chickweed
0086a6340.png,Common Chickweed
00c47e980.png,Common Chickweed
00d090cde.png,Common Chickweed
00ef713a8.png,Common Chickweed
01291174f.png,Common Chickweed
026716f9b.png,Common Chickweed
02cfeb38d.png,Common Chickweed
03566743d.png,Common Chickweed
03a2ee656.png,Scentless Mayweed
03e322a29.png,Common Chickweed
03ef36742.png,Common Chickweed
043449b0b.png,Common Chickweed
0437393b1.png,Common Chickweed
04814f36d.png,Common Chickweed
05341a8a6.png,Common Chickweed
060450d79.png,Common Chickweed
060f1dc84.png,Sugar beet
0625f063b.png,Common Chickweed
063363305.png,Common Chickweed
06d12f6fa.png,Scentless Mayweed
071cb3ece.png,Common Chickweed
0751c0bbc.png,Common Chickweed
07e62f903.png,Loose Silky-bent
085974290.png,Common Chickweed
0885e7690.png,Common Chickweed
089ad62a7.png,Loose Silky-bent
08d591441.png,Common Chickweed
0911d3dee.png,Common Chickweed
099b961ec.png,Common Chickweed
0a64e3e6c.png,Common Chickweed
0ad9e7dfb.png,Scentless Mayweed
0ae6668fa.png,Common Chickweed
0bf7bfb05.png,Loose Silky-bent
0c27cf05f.png,Loose Silky-bent
0c4199daa.png,Common Chickweed
0c45ace27.png,Common Chickweed
0c51bf229.png,Scentless Mayweed
0c5f6c493.png,Common Chickweed
0caeda5df.png,Common Chickweed
0d117d910.png,Loose Silky-bent
0d31e6602.png,Common Chickweed
0dba99002.png,Common Chickweed
0e8492cb1.png,Scentless Mayweed
0ebf8f2f4.png,Scentless Mayweed
0ee4ad224.png,Loose Silky-bent
0f6cbe5e8.png,Common Chickweed
0fb233ad6.png,Common Chickweed
115f93ecc.png,Common Chickweed
116b136de.png,Common Chickweed
1191ba346.png,Scentless Mayweed
11d3f68ff.png,Common Chickweed
122913909.png,Scentless Mayweed
12625488b.png,Common Chickweed
126a71ce0.png,Sugar beet
1312065a5.png,Scentless Mayweed
1364b297a.png,Scentless Mayweed
1376f3b63.png,Loose Silky-bent
13b9fa92d.png,Common Chickweed
1459e96a0.png,Loose Silky-bent
148bbda66.png,Scentless Mayweed
14bb43eee.png,Scentless Mayweed
1541bdb2e.png,Scentless Mayweed
1623fb9e1.png,Common Chickweed
16357b436.png,Sugar beet
16467a950.png,Loose Silky-bent
165681fd9.png,Loose Silky-bent
1694a70e4.png,Loose Silky-bent
16fd2e01a.png,Loose Silky-bent
172f9b10b.png,Common Chickweed
17529c555.png,Scentless Mayweed
1758a1baf.png,Common Chickweed
177d7e2a4.png,Common Chickweed
17a78fb44.png,Scentless Mayweed
17d5e5ac4.png,Common Chickweed
1821eb11a.png,Scentless Mayweed
187668bde.png,Common Chickweed
1926e82fd.png,Common Chickweed
19618ad6a.png,Common Chickweed
19b51843a.png,Common Chickweed
19e58cc5e.png,Sugar beet
19fdf19fb.png,Common Chickweed
1b490196c.png,Scentless Mayweed
1b6a6494d.png,Common Chickweed
1be0713da.png,Scentless Mayweed
1bf9b94a6.png,Sugar beet
1c52ea820.png,Common Chickweed
1c680883c.png,Scentless Mayweed
1cfd91582.png,Loose Silky-bent
1d0cbd819.png,Common Chickweed
1d321253f.png,Common Chickweed
1d48b7564.png,Loose Silky-bent
1d56351b2.png,Common Chickweed
1dc7c45df.png,Common Chickweed
1e095a7e1.png,Loose Silky-bent
1f290e016.png,Common Chickweed
1f3f44563.png,Scentless Mayweed
1f5e5554e.png,Loose Silky-bent
1fefb54b7.png,Common Chickweed
205df1df3.png,Common Chickweed
20817c846.png,Common Chickweed
20e562fd5.png,Sugar beet
20ea96bcc.png,Loose Silky-bent
20f983a71.png,Common Chickweed
2126dc71b.png,Sugar beet
219fd68d5.png,Scentless Mayweed
223e4af09.png,Common Chickweed
22e79540f.png,Scentless Mayweed
22fbf13d6.png,Common Chickweed
239bdf640.png,Scentless Mayweed
23bc8ec4f.png,Common Chickweed
23e480e64.png,Common Chickweed
2406d6c99.png,Common Chickweed
241e6935a.png,Common Chickweed
248436078.png,Scentless Mayweed
24a058589.png,Scentless Mayweed
24c94a6ca.png,Common Chickweed
24d36c52c.png,Common Chickweed
24d78df74.png,Common Chickweed
24dbc3b21.png,Common Chickweed
258b1183c.png,Common Chickweed
25a4c427e.png,Common Chickweed
25cf6eb73.png,Scentless Mayweed
25fa8d109.png,Common Chickweed
26852751a.png,Scentless Mayweed
2693e5c65.png,Common Chickweed
26e7ae885.png,Scentless Mayweed
270b939cf.png,Common Chickweed
279df95f2.png,Sugar beet
288564c76.png,Common Chickweed
29bab7cad.png,Common Chickweed
29ce426a1.png,Common Chickweed
29f49cd0b.png,Common Chickweed
2a5064f19.png,Common Chickweed
2a667e099.png,Loose Silky-bent
2b55a2da2.png,Scentless Mayweed
2bd74d2da.png,Common Chickweed
2d5058a59.png,Common Chickweed
2d992d1fb.png,Common Chickweed
2d9c798f9.png,Common Chickweed
2dd5cfba9.png,Common Chickweed
2df78338c.png,Loose Silky-bent
2e86f1085.png,Loose Silky-bent
2ea664465.png,Common Chickweed
2f0004a7f.png,Sugar beet
2f246d688.png,Sugar beet
2ff5cb348.png,Common Chickweed
30ad31220.png,Scentless Mayweed
3185294c8.png,Common Chickweed
31f3dd81f.png,Common Chickweed
31fcdc161.png,Common Chickweed
3281183f9.png,Common Chickweed
32a8c8a1d.png,Common Chickweed
32b42c120.png,Common Chickweed
32c86784b.png,Common Chickweed
33317fc2a.png,Sugar beet
33448fe39.png,Common Chickweed
33748968f.png,Scentless Mayweed
338c7e907.png,Common Chickweed
34dd57ca9.png,Sugar beet
3526b05cc.png,Common Chickweed
35a90f8d0.png,Common Chickweed
35cf9fa01.png,Loose Silky-bent
35ebe165c.png,Loose Silky-bent
36839d5e9.png,Common Chickweed
36d62bf36.png,Common Chickweed
36ed4f215.png,Common Chickweed
37297a64c.png,Common Chickweed
37714071b.png,Common Chickweed
377283a21.png,Scentless Mayweed
37c3108d6.png,Loose Silky-bent
37e545a60.png,Common Chickweed
3827436f3.png,Common Chickweed
38c054379.png,Loose Silky-bent
391dcd7fd.png,Loose Silky-bent
39858776a.png,Loose Silky-bent
39b740f7e.png,Common Chickweed
39c8fde99.png,Common Chickweed
39d569be4.png,Common Chickweed
3a909ead8.png,Common Chickweed
3abb502fb.png,Sugar beet
3b73c3b61.png,Common Chickweed
3bbef3ecb.png,Common Chickweed
3d38a87bc.png,Common Chickweed
3d65168c2.png,Common Chickweed
3d67c434b.png,Common Chickweed
3da774107.png,Scentless Mayweed
3dd52bd2a.png,Common Chickweed
3e9f41817.png,Common Chickweed
3ebbe9ca4.png,Scentless Mayweed
3eda9cbb6.png,Common Chickweed
3edf5e9ef.png,Common Chickweed
3eebd36c6.png,Scentless Mayweed
3efa1f66c.png,Loose Silky-bent
3f64c2c1b.png,Common Chickweed
3f826b318.png,Common Chickweed
3f92d8039.png,Common Chickweed
3fbd0fc6a.png,Sugar beet
3fbf1a417.png,Common Chickweed
4049a6ea6.png,Common Chickweed
406162ef9.png,Scentless Mayweed
406ecb5c5.png,Scentless Mayweed
410e6f702.png,Common Chickweed
41e07778c.png,Loose Silky-bent
41f1c3cdb.png,Loose Silky-bent
4287d810c.png,Common Chickweed
429211ee6.png,Common Chickweed
42e7ed442.png,Common Chickweed
4392d93cf.png,Common Chickweed
43ede9de9.png,Loose Silky-bent
444473900.png,Common Chickweed
446f7da01.png,Common Chickweed
44e8b8833.png,Common Chickweed
456d507c0.png,Scentless Mayweed
466bb6d3b.png,Scentless Mayweed
46c14fde2.png,Loose Silky-bent
47b7d8e17.png,Common Chickweed
47f9e5d91.png,Common Chickweed
48231e475.png,Common Chickweed
4823c3ffa.png,Loose Silky-bent
486e59179.png,Common Chickweed
48d97c645.png,Common Chickweed
48ef6a2ff.png,Sugar beet
490c4f9c8.png,Sugar beet
4a337a4a9.png,Loose Silky-bent
4ac29bbf0.png,Common Chickweed
4b032563b.png,Loose Silky-bent
4b155fb07.png,Loose Silky-bent
4bbf1f6ea.png,Scentless Mayweed
4bbfd1e05.png,Scentless Mayweed
4bcdaa5e2.png,Sugar beet
4c5ab9b68.png,Scentless Mayweed
4c7838de4.png,Sugar beet
4c8005bbc.png,Common Chickweed
4e1190d78.png,Common Chickweed
4e18ab737.png,Loose Silky-bent
4e69d100a.png,Loose Silky-bent
4e9d3765f.png,Loose Silky-bent
4ea7493d5.png,Loose Silky-bent
4f44ca525.png,Common Chickweed
4f83143e1.png,Common Chickweed
502dff972.png,Sugar beet
506347cfe.png,Loose Silky-bent
50de8a115.png,Scentless Mayweed
521b27a17.png,Common Chickweed
523e5505c.png,Loose Silky-bent
5296835a0.png,Common Chickweed
52a87abe5.png,Loose Silky-bent
52dc7a4d6.png,Common Chickweed
5315c2dca.png,Common Chickweed
534e74d83.png,Common Chickweed
539961189.png,Common Chickweed
53ceb4657.png,Loose Silky-bent
53e6e9000.png,Common Chickweed
54b3afd58.png,Sugar beet
54c8bb900.png,Loose Silky-bent
550a8b7e6.png,Common Chickweed
55251925f.png,Common Chickweed
558aa7deb.png,Sugar beet
55920f07f.png,Common Chickweed
55a852f40.png,Loose Silky-bent
55fed435f.png,Scentless Mayweed
56112b92c.png,Common Chickweed
56a01b835.png,Scentless Mayweed
5779fe8b4.png,Common Chickweed
5817b766d.png,Common Chickweed
5883b423d.png,Common Chickweed
589e643b8.png,Scentless Mayweed
590f5aea6.png,Scentless Mayweed
592473c83.png,Sugar beet
592cc5b89.png,Common Chickweed
59358cd44.png,Common Chickweed
593896f83.png,Loose Silky-bent
599691cd9.png,Common Chickweed
599c82eea.png,Common Chickweed
59b2c6f2b.png,Common Chickweed
59c6a9f95.png,Common Chickweed
59e1cea8d.png,Scentless Mayweed
59f62ad1d.png,Sugar beet
5a38ac566.png,Common Chickweed
5a6bf96f6.png,Common Chickweed
5af1d74ee.png,Scentless Mayweed
5b3000b9a.png,Loose Silky-bent
5b3beec58.png,Common Chickweed
5b63dcc21.png,Common Chickweed
5bbc0a255.png,Common Chickweed
5bc6595f6.png,Loose Silky-bent
5bd71f445.png,Common Chickweed
5bdcfa329.png,Common Chickweed
5c3cd7ea2.png,Common Chickweed
5ca0205f9.png,Scentless Mayweed
5ca2687a4.png,Common Chickweed
5dcad9a53.png,Loose Silky-bent
5e6a237f2.png,Sugar beet
5eb9c26a6.png,Loose Silky-bent
5ee9d0a5b.png,Loose Silky-bent
5f04aed97.png,Common Chickweed
6049234e6.png,Loose Silky-bent
604dd663f.png,Common Chickweed
606647f64.png,Common Chickweed
60ee66ddd.png,Scentless Mayweed
60f0bc617.png,Scentless Mayweed
60fea2ef6.png,Scentless Mayweed
615d2b0a9.png,Scentless Mayweed
618de3d7a.png,Sugar beet
61b044411.png,Sugar beet
61dd2cdc5.png,Common Chickweed
632156793.png,Loose Silky-bent
63c07d340.png,Scentless Mayweed
647689543.png,Sugar beet
64fe8beb9.png,Common Chickweed
653193c1a.png,Common Chickweed
65489944f.png,Scentless Mayweed
659412b1a.png,Common Chickweed
65d08b894.png,Scentless Mayweed
65e262a6d.png,Scentless Mayweed
65e97117e.png,Common Chickweed
664194d19.png,Common Chickweed
6680836dd.png,Loose Silky-bent
668c1007c.png,Loose Silky-bent
66ab0e8d0.png,Scentless Mayweed
675ec1b0b.png,Common Chickweed
67ce3eaa6.png,Common Chickweed
67e185673.png,Loose Silky-bent
686dc7ec8.png,Loose Silky-bent
6908fb540.png,Common Chickweed
6982a9d30.png,Common Chickweed
699d3c707.png,Sugar beet
69d1669f8.png,Scentless Mayweed
6a41bf95b.png,Loose Silky-bent
6a47821f9.png,Common Chickweed
6b721f68e.png,Common Chickweed
6b9d6f8c9.png,Loose Silky-bent
6ba4ef411.png,Loose Silky-bent
6bce55e05.png,Scentless Mayweed
6be169e41.png,Loose Silky-bent
6c874918c.png,Common Chickweed
6d6eb3830.png,Scentless Mayweed
6da892be6.png,Scentless Mayweed
6db684fff.png,Common Chickweed
6dd095129.png,Common Chickweed
6df8e31ea.png,Loose Silky-bent
6edb96d45.png,Common Chickweed
6edc76e7c.png,Loose Silky-bent
711b46fba.png,Common Chickweed
71334c634.png,Loose Silky-bent
71b232519.png,Common Chickweed
71e73a8a0.png,Sugar beet
71f5323c5.png,Common Chickweed
721b2c47a.png,Scentless Mayweed
721be0a4a.png,Common Chickweed
728eabae1.png,Scentless Mayweed
73260a4ee.png,Common Chickweed
74068643d.png,Scentless Mayweed
74d810f87.png,Loose Silky-bent
74fd477eb.png,Loose Silky-bent
7506c0c02.png,Scentless Mayweed
752101fdf.png,Common Chickweed
754b1adf8.png,Scentless Mayweed
756dd5070.png,Loose Silky-bent
75cb95e91.png,Loose Silky-bent
7615e52d3.png,Scentless Mayweed
76555b064.png,Common Chickweed
7691014a1.png,Scentless Mayweed
7696badea.png,Common Chickweed
76dbd1054.png,Common Chickweed
770a265f5.png,Common Chickweed
77ccb8b2a.png,Sugar beet
780bd2a2c.png,Sugar beet
780defa2e.png,Common Chickweed
785a73ab8.png,Common Chickweed
78750e0ff.png,Loose Silky-bent
78b1bf91a.png,Sugar beet
78c5fba1d.png,Common Chickweed
79d93bc96.png,Common Chickweed
79dafec17.png,Common Chickweed
79e5ea8fa.png,Loose Silky-bent
79fba50db.png,Common Chickweed
7a38416be.png,Loose Silky-bent
7b21ba6ba.png,Common Chickweed
7b52585da.png,Common Chickweed
7beb2766f.png,Common Chickweed
7c85b0265.png,Common Chickweed
7cabd68cc.png,Common Chickweed
7d22abf91.png,Common Chickweed
7d3045fc3.png,Common Chickweed
7d4cd07ad.png,Common Chickweed
7e9cf1c46.png,Common Chickweed
7f31c7f42.png,Loose Silky-bent
7f46a71db.png,Common Chickweed
7f9e9565d.png,Sugar beet
7fdb7202d.png,Sugar beet
800a8c17e.png,Common Chickweed
808578ed5.png,Loose Silky-bent
808cf55c6.png,Loose Silky-bent
809eb0b82.png,Scentless Mayweed
80e299ae9.png,Scentless Mayweed
8104422bb.png,Common Chickweed
8170d33c1.png,Common Chickweed
824f5d4e5.png,Scentless Mayweed
827279bad.png,Common Chickweed
82b5f4d33.png,Loose Silky-bent
8301b0547.png,Scentless Mayweed
8303b27ed.png,Common Chickweed
8311740de.png,Common Chickweed
835dc5447.png,Common Chickweed
837ac0270.png,Sugar beet
8455169fe.png,Sugar beet
851c90831.png,Loose Silky-bent
85431c075.png,Common Chickweed
855955aaf.png,Loose Silky-bent
856f2910a.png,Common Chickweed
8585f9718.png,Loose Silky-bent
862b8e7a0.png,Common Chickweed
86676d627.png,Loose Silky-bent
866be78b0.png,Common Chickweed
86c309150.png,Scentless Mayweed
86f08e6d1.png,Sugar beet
87608f7aa.png,Loose Silky-bent
87f627bf9.png,Common Chickweed
8874bba69.png,Loose Silky-bent
88ac6df54.png,Loose Silky-bent
88d8a4508.png,Scentless Mayweed
8916793ce.png,Scentless Mayweed
892e9d6c6.png,Scentless Mayweed
897e5a8de.png,Loose Silky-bent
8a30b2de3.png,Sugar beet
8a32d0bfa.png,Common Chickweed
8a4d3a1b1.png,Common Chickweed
8a8d6c712.png,Loose Silky-bent
8ab8a958b.png,Common Chickweed
8b043093d.png,Common Chickweed
8b27bfd2b.png,Common Chickweed
8b9144917.png,Common Chickweed
8bc0261c9.png,Common Chickweed
8c98a6e9b.png,Loose Silky-bent
8c9953903.png,Sugar beet
8ca6140ca.png,Common Chickweed
8cf2e3e6c.png,Common Chickweed
8cf909eb3.png,Scentless Mayweed
8cfd98117.png,Common Chickweed
8d6991365.png,Loose Silky-bent
8d6acbe9b.png,Common Chickweed
8db450ce3.png,Common Chickweed
8dbb8e1b9.png,Loose Silky-bent
8e29abce1.png,Common Chickweed
8e2e5604e.png,Common Chickweed
8e3ed0a25.png,Scentless Mayweed
8e4eaeec0.png,Common Chickweed
8e6ec1ca6.png,Common Chickweed
8ece6efec.png,Common Chickweed
8f523520c.png,Scentless Mayweed
8faadb6a8.png,Sugar beet
90b595f12.png,Common Chickweed
90d119d25.png,Common Chickweed
91e469b4a.png,Loose Silky-bent
92292055d.png,Loose Silky-bent
93079d970.png,Common Chickweed
9326bda1b.png,Loose Silky-bent
93d76fd5d.png,Common Chickweed
948cdb277.png,Scentless Mayweed
9516e56c4.png,Loose Silky-bent
953496deb.png,Common Chickweed
958bb9e96.png,Scentless Mayweed
963544aa0.png,Common Chickweed
9643fc5f4.png,Scentless Mayweed
966ae5ad9.png,Common Chickweed
969a851be.png,Common Chickweed
96ecad7a1.png,Loose Silky-bent
96f14d90c.png,Common Chickweed
974959ec1.png,Common Chickweed
976e4e079.png,Sugar beet
97844bfd5.png,Sugar beet
97b2f0a10.png,Loose Silky-bent
98062cd87.png,Common Chickweed
98d819587.png,Common Chickweed
98da6ef4e.png,Common Chickweed
99036c51d.png,Common Chickweed
99569b224.png,Common Chickweed
995c7ab1e.png,Loose Silky-bent
9a3f20121.png,Common Chickweed
9aa5587fe.png,Common Chickweed
9b4800b42.png,Scentless Mayweed
9b9911f20.png,Scentless Mayweed
9baf94467.png,Common Chickweed
9c0c5b731.png,Common Chickweed
9c32a797e.png,Common Chickweed
9c777333d.png,Common Chickweed
9c8b08a24.png,Common Chickweed
9cce7328c.png,Common Chickweed
9d3cb4745.png,Common Chickweed
9d79a1f0c.png,Common Chickweed
9df3275da.png,Common Chickweed
9fab816f2.png,Common Chickweed
a006a475c.png,Common Chickweed
a060c1cf8.png,Scentless Mayweed
a0b393945.png,Common Chickweed
a0f37c726.png,Common Chickweed
a169b71e7.png,Loose Silky-bent
a19c3faca.png,Loose Silky-bent
a1da8be3c.png,Common Chickweed
a1e0a6c02.png,Scentless Mayweed
a254d71f6.png,Loose Silky-bent
a276c65f7.png,Common Chickweed
a2b703e21.png,Common Chickweed
a2c89c367.png,Scentless Mayweed
a2d25b4f3.png,Loose Silky-bent
a35fd6fbb.png,Common Chickweed
a38b8a581.png,Common Chickweed
a3b375b34.png,Sugar beet
a3d0031fd.png,Common Chickweed
a4b61a4ea.png,Common Chickweed
a544fc46d.png,Scentless Mayweed
a55d26a4c.png,Common Chickweed
a5db42f7d.png,Common Chickweed
a74bf916d.png,Scentless Mayweed
a74d475c2.png,Loose Silky-bent
a7bd7cadb.png,Common Chickweed
a800caead.png,Common Chickweed
a83820a2c.png,Common Chickweed
a8388a37f.png,Loose Silky-bent
a85b48a95.png,Common Chickweed
a85fc8c9a.png,Common Chickweed
a890ac088.png,Scentless Mayweed
a8b431a3e.png,Common Chickweed
a8c8a1db0.png,Common Chickweed
a8da9c08d.png,Scentless Mayweed
a8de7c1b7.png,Common Chickweed
a935ca110.png,Common Chickweed
a93f940d6.png,Common Chickweed
a9d2eab61.png,Loose Silky-bent
aa7d098d1.png,Common Chickweed
aad8375e0.png,Scentless Mayweed
aaf4da98f.png,Common Chickweed
ab0f67743.png,Common Chickweed
ab35453cb.png,Loose Silky-bent
abc331628.png,Common Chickweed
abf8b0772.png,Loose Silky-bent
ac3193f78.png,Common Chickweed
ac75d3326.png,Common Chickweed
acdb75e00.png,Common Chickweed
ace8761dd.png,Loose Silky-bent
ad12382d4.png,Sugar beet
adb7a032c.png,Common Chickweed
ae90f2827.png,Common Chickweed
aecfaed64.png,Common Chickweed
aee6fa3df.png,Common Chickweed
af45e222a.png,Scentless Mayweed
afa446484.png,Loose Silky-bent
afcf6abd5.png,Common Chickweed
b026bf8ca.png,Common Chickweed
b03397525.png,Loose Silky-bent
b0acaff4a.png,Loose Silky-bent
b130a0632.png,Scentless Mayweed
b145ba9d4.png,Common Chickweed
b1cd2a91e.png,Scentless Mayweed
b215531dd.png,Scentless Mayweed
b2706e2b3.png,Common Chickweed
b29339405.png,Common Chickweed
b30ab4659.png,Scentless Mayweed
b31292706.png,Common Chickweed
b341d0aab.png,Common Chickweed
b39c71707.png,Loose Silky-bent
b3d6fdb80.png,Common Chickweed
b3e08b037.png,Loose Silky-bent
b47691c08.png,Common Chickweed
b4c3df835.png,Loose Silky-bent
b4f7c9214.png,Common Chickweed
b573b7a56.png,Common Chickweed
b5c7fd009.png,Loose Silky-bent
b62dca166.png,Common Chickweed
b687160f5.png,Common Chickweed
b6a3f7876.png,Loose Silky-bent
b6f3d8b5d.png,Common Chickweed
b7192c70f.png,Common Chickweed
b7a7f6390.png,Common Chickweed
b7ad92859.png,Scentless Mayweed
b828443ff.png,Scentless Mayweed
b9062c1c8.png,Common Chickweed
b944a49ca.png,Common Chickweed
b98327bf4.png,Common Chickweed
ba3ce6b3e.png,Common Chickweed
bb1c84bbc.png,Common Chickweed
bb1d1bfd3.png,Scentless Mayweed
bb20fce02.png,Scentless Mayweed
bb64660b7.png,Common Chickweed
bb7621cb3.png,Loose Silky-bent
bd72d4d8a.png,Common Chickweed
bd789d151.png,Sugar beet
bdde957ec.png,Scentless Mayweed
be2499cf4.png,Loose Silky-bent
be341dbdc.png,Common Chickweed
bea23d9f8.png,Scentless Mayweed
bebcaab66.png,Common Chickweed
beebe5f4e.png,Common Chickweed
bf3924a57.png,Loose Silky-bent
bf66b9cd2.png,Common Chickweed
bfab3e3d0.png,Common Chickweed
bffc08672.png,Common Chickweed
c0461776c.png,Sugar beet
c069fc3fa.png,Common Chickweed
c06e7c748.png,Sugar beet
c0bc3997b.png,Loose Silky-bent
c0d9e170b.png,Scentless Mayweed
c0f5d9ac8.png,Common Chickweed
c10ccbd82.png,Common Chickweed
c10db7ae2.png,Loose Silky-bent
c1ecff98b.png,Common Chickweed
c26ccf73c.png,Common Chickweed
c2de6020a.png,Common Chickweed
c35efa095.png,Common Chickweed
c4ed8ed38.png,Scentless Mayweed
c50335991.png,Common Chickweed
c5078bac5.png,Loose Silky-bent
c5e419015.png,Common Chickweed
c5e88cd42.png,Common Chickweed
c60e91e07.png,Common Chickweed
c63da993b.png,Loose Silky-bent
c64370a72.png,Common Chickweed
c6b76307d.png,Scentless Mayweed
c6c8d4ba0.png,Common Chickweed
c7051c902.png,Common Chickweed
c74c5b7fc.png,Scentless Mayweed
c75a82234.png,Loose Silky-bent
c7ae30f3a.png,Common Chickweed
c7b07431e.png,Sugar beet
c7eb96871.png,Common Chickweed
c832e4302.png,Loose Silky-bent
c85ef220d.png,Common Chickweed
c88ebfb47.png,Common Chickweed
c8f50f0c3.png,Sugar beet
caa2fbd79.png,Common Chickweed
cadab6616.png,Loose Silky-bent
cae684f8f.png,Scentless Mayweed
cb496f36e.png,Common Chickweed
cb76a7766.png,Sugar beet
cbba27d89.png,Common Chickweed
cbe761896.png,Scentless Mayweed
cc3d2a59a.png,Scentless Mayweed
cc74feadc.png,Loose Silky-bent
cd5f0db1c.png,Sugar beet
cd6adba97.png,Common Chickweed
ce15eee52.png,Loose Silky-bent
ce3d280eb.png,Common Chickweed
ce42adffb.png,Common Chickweed
cec5bf198.png,Common Chickweed
cf3a8b2fd.png,Loose Silky-bent
cf46d09c5.png,Common Chickweed
cf90fc52d.png,Common Chickweed
cfb18d262.png,Common Chickweed
cfd8165e9.png,Scentless Mayweed
d0152bd7c.png,Common Chickweed
d01873fdd.png,Sugar beet
d09275360.png,Scentless Mayweed
d09d24c58.png,Common Chickweed
d0cdc768f.png,Sugar beet
d102e1a15.png,Scentless Mayweed
d14aa43f3.png,Common Chickweed
d17f48d3b.png,Scentless Mayweed
d2f0f326e.png,Loose Silky-bent
d2f422ccb.png,Common Chickweed
d2fd9df40.png,Loose Silky-bent
d3331e071.png,Common Chickweed
d350a25fa.png,Loose Silky-bent
d41d87796.png,Common Chickweed
d488a4fe1.png,Common Chickweed
d515398fd.png,Loose Silky-bent
d563be369.png,Common Chickweed
d5f7dd60a.png,Sugar beet
d668409ff.png,Sugar beet
d689256be.png,Scentless Mayweed
d6c8c3c48.png,Loose Silky-bent
d6d31dcbe.png,Common Chickweed
d6d80a321.png,Loose Silky-bent
d7017f701.png,Common Chickweed
d84d37a61.png,Common Chickweed
d89db156f.png,Loose Silky-bent
d8f4923f8.png,Loose Silky-bent
d93c7ab6d.png,Common Chickweed
d9c50616e.png,Common Chickweed
da231c97f.png,Common Chickweed
da4ed3a28.png,Scentless Mayweed
da5255450.png,Common Chickweed
da713c465.png,Common Chickweed
da9ef7858.png,Loose Silky-bent
dabe3e5be.png,Common Chickweed
dabea05f4.png,Common Chickweed
dc4cd56a3.png,Common Chickweed
dc55449b2.png,Common Chickweed
dcd7ff249.png,Common Chickweed
dce2f6612.png,Common Chickweed
dd5ec63d9.png,Common Chickweed
dd9f36df7.png,Common Chickweed
de0b79659.png,Common Chickweed
df11d56a7.png,Common Chickweed
df521c0c0.png,Common Chickweed
df7cb5f87.png,Loose Silky-bent
dfb1d9012.png,Common Chickweed
e0ec5b6a1.png,Common Chickweed
e14afa235.png,Common Chickweed
e15472085.png,Common Chickweed
e15fce4f2.png,Common Chickweed
e1809cef2.png,Sugar beet
e19673dc9.png,Scentless Mayweed
e19ad6ac9.png,Loose Silky-bent
e1a0e3202.png,Common Chickweed
e1abb4ff9.png,Common Chickweed
e3f50adfc.png,Loose Silky-bent
e471f1d3a.png,Scentless Mayweed
e478c452c.png,Sugar beet
e4a76885b.png,Common Chickweed
e4d5ec761.png,Common Chickweed
e5064f6be.png,Common Chickweed
e52493d0b.png,Common Chickweed
e5297b675.png,Common Chickweed
e5368474f.png,Common Chickweed
e5881dd33.png,Loose Silky-bent
e5e3dccff.png,Sugar beet
e6f1211a2.png,Sugar beet
e7077322d.png,Common Chickweed
e721c6ac8.png,Common Chickweed
e73e308be.png,Common Chickweed
e783f5a4f.png,Common Chickweed
e80a259c5.png,Loose Silky-bent
e82017baa.png,Common Chickweed
e84464f5a.png,Scentless Mayweed
e88bf0db9.png,Common Chickweed
e901b0f28.png,Sugar beet
e921021a8.png,Scentless Mayweed
e96e57a90.png,Scentless Mayweed
e98e5d1d5.png,Loose Silky-bent
e9cd91682.png,Common Chickweed
e9d48d664.png,Scentless Mayweed
eaf0815e2.png,Common Chickweed
ec08a5d56.png,Common Chickweed
ede6b84b4.png,Scentless Mayweed
edfdb4aeb.png,Common Chickweed
eec1079a1.png,Scentless Mayweed
eef131644.png,Loose Silky-bent
ef02b4ee7.png,Common Chickweed
ef3e232ad.png,Common Chickweed
ef65533d5.png,Loose Silky-bent
ef74dbcad.png,Common Chickweed
ef7a5651d.png,Common Chickweed
ef9676433.png,Scentless Mayweed
efe19dc32.png,Sugar beet
f0ffa00bd.png,Common Chickweed
f1e87cba7.png,Common Chickweed
f1f7c833f.png,Scentless Mayweed
f23faf9c1.png,Common Chickweed
f25996db8.png,Common Chickweed
f2dc546ca.png,Scentless Mayweed
f33e9d918.png,Scentless Mayweed
f351ce097.png,Common Chickweed
f3fcfff1b.png,Scentless Mayweed
f4021df6c.png,Scentless Mayweed
f4234cf4f.png,Common Chickweed
f445fe6fb.png,Scentless Mayweed
f48916a8c.png,Loose Silky-bent
f4ad9d950.png,Common Chickweed
f4caf74f9.png,Scentless Mayweed
f4e7733d4.png,Loose Silky-bent
f593c9cf0.png,Common Chickweed
f66ae4070.png,Common Chickweed
f6d250856.png,Common Chickweed
f8318faf1.png,Common Chickweed
f85ed9b6d.png,Scentless Mayweed
f9b6bfb00.png,Scentless Mayweed
f9ea23fb5.png,Common Chickweed
f9f35cbd4.png,Common Chickweed
fa5fd1384.png,Scentless Mayweed
fa9f3a8f9.png,Scentless Mayweed
fadc6adbc.png,Scentless Mayweed
fb022edf9.png,Common Chickweed
fba8fc78a.png,Loose Silky-bent
fbf88b6be.png,Scentless Mayweed
fc3e58836.png,Common Chickweed
fc6f686fb.png,Common Chickweed
fd253a74e.png,Sugar beet
fd87b36ae.png,Common Chickweed
fd925f542.png,Sugar beet
fda0b5c38.png,Common Chickweed
fda39e16f.png,Loose Silky-bent
fdea6b119.png,Loose Silky-bent
fe29629fb.png,Sugar beet
fe9e87b78.png,Common Chickweed
fea1d13d6.png,Common Chickweed
fea355851.png,Common Chickweed
fea3da57c.png,Common Chickweed
fef2ade8c.png,Common Chickweed
ff65bc002.png,Scentless Mayweed
ffc6f8527.png,Sugar beet
